<?xml version="1.0"?>
<info>
	<id>files_external</id>
	<name>External storage support</name>
	<description>
	This application enables administrators to configure connections to external storage providers. Administrators can choose which types of storage to enable and can mount these storage locations for a user, a group, or the entire system. Users will see a new folder appear in their root ownCloud directory, which they can access and use like any other ownCloud folder. External Storage also allows users to share files stored in these external locations. In these cases, the credentials for the owner of the file are used when the recipient requests the file from external storage, thereby ensuring that the recipient can access the shared file.

	External Storage can be configured using the GUI or at the command line. This second option provides the advanced user with more flexibility for configuring bulk external storage mounts and setting mount priorities. More information is available in the External Storage GUI documentation and the External Storage Configuration File documentation.
	</description>
	<licence>AGPL</licence>
	<author>Robin Appelman, Michael Gapczynski, Vincent Petry</author>
	<documentation>
		<admin>admin-external-storage</admin>
	</documentation>
	<rememberlogin>false</rememberlogin>
	<version>0.7.1</version>
	<types>
		<filesystem/>
	</types>
	<ocsid>166048</ocsid>
	<use-migrations>true</use-migrations>
	<namespace>Files_External</namespace>

	<dependencies>
		<owncloud min-version="10" max-version="10" />
	</dependencies>

	<commands>
		<command>OCA\Files_External\Command\ListCommand</command>
		<command>OCA\Files_External\Command\Config</command>
		<command>OCA\Files_External\Command\Option</command>
		<command>OCA\Files_External\Command\Applicable</command>
		<command>OCA\Files_External\Command\Import</command>
		<command>OCA\Files_External\Command\Export</command>
		<command>OCA\Files_External\Command\Delete</command>
		<command>OCA\Files_External\Command\Create</command>
		<command>OCA\Files_External\Command\Backends</command>
		<command>OCA\Files_External\Command\Verify</command>
	</commands>
	<settings>
		<admin>OCA\Files_External\Panels\Admin</admin>
		<personal>OCA\Files_External\Panels\Personal</personal>
	</settings>
</info>
